,code,name,c_name
0,600051,宁波联合,综合行业
1,600209,罗顿发展,综合行业
2,600212,*ST江泉,综合行业
5,600603,*ST兴业,综合行业
6,600614,鼎立股份,综合行业
7,600620,天宸股份,综合行业
8,600622,嘉宝集团,综合行业
9,600624,复旦复华,综合行业
10,600647,同达创业,综合行业
14,600730,中国高科,综合行业
15,600770,综艺股份,综合行业
16,600777,新潮实业,综合行业
17,600800,天津磁卡,综合行业
18,600805,悦达投资,综合行业
20,600846,同济科技,综合行业
22,000008,神州高铁,综合行业
23,000301,东方市场,综合行业
24,000576,广东甘化,综合行业
25,000632,三木集团,综合行业
26,000633,合金投资,综合行业
27,000652,泰达股份,综合行业
29,000839,中信国安,综合行业
30,000881,大连国际,综合行业
31,000909,数源科技,综合行业
32,600012,皖通高速,公路桥梁
33,600020,中原高速,公路桥梁
34,600033,福建高速,公路桥梁
35,600035,楚天高速,公路桥梁
36,600106,重庆路桥,公路桥梁
38,600350,山东高速,公路桥梁
39,600368,五洲交通,公路桥梁
40,600377,宁沪高速,公路桥梁
41,600548,深高速,公路桥梁
42,601107,四川成渝,公路桥梁
43,601188,龙江交通,公路桥梁
44,601518,吉林高速,公路桥梁
45,000429,粤高速Ａ,公路桥梁
47,000828,东莞控股,公路桥梁
48,000886,海南高速,公路桥梁
49,000900,现代投资,公路桥梁
50,000916,华北高速,公路桥梁
51,600061,国投安信,化纤行业
52,600063,皖维高新,化纤行业
53,600527,江南高纤,化纤行业
56,601113,华鼎股份,化纤行业
58,000420,吉林化纤,化纤行业
59,000584,友利控股,化纤行业
60,000615,湖北金环,化纤行业
61,000677,恒天海龙,化纤行业
62,000687,华讯方舟,化纤行业
63,000703,恒逸石化,化纤行业
64,000782,美达股份,化纤行业
65,000936,华西股份,化纤行业
67,000976,春晖股份,化纤行业
68,002015,霞客环保,化纤行业
69,002064,华峰氨纶,化纤行业
70,002080,中材科技,化纤行业
73,002254,泰和新材,化纤行业
75,002493,荣盛石化,化纤行业
76,300180,华峰超纤,化纤行业
77,600031,三一重工,机械行业
78,600114,东睦股份,机械行业
79,600149,廊坊发展,机械行业
80,600169,太原重工,机械行业
84,600320,振华重工,机械行业
85,600346,大橡塑,机械行业
86,600388,龙净环保,机械行业
87,600421,仰帆控股,机械行业
88,600435,北方导航,机械行业
89,600475,华光股份,机械行业
90,600499,科达洁能,机械行业
91,600520,中发科技,机械行业
92,600526,菲达环保,机械行业
93,600579,天华院,机械行业
94,600582,天地科技,机械行业
95,600592,龙溪股份,机械行业
96,600619,海立股份,机械行业
97,600710,*ST常林,机械行业
98,600761,安徽合力,机械行业
101,600815,厦工股份,机械行业
102,600841,上柴股份,机械行业
103,600855,航天长峰,机械行业
104,600860,京城股份,机械行业
105,600984,*ST建机,机械行业
106,601002,晋亿实业,机械行业
108,601100,恒立液压,机械行业
109,601106,中国一重,机械行业
110,601177,杭齿前进,机械行业
112,601226,华电重工,机械行业
113,601369,陕鼓动力,机械行业
114,601608,中信重工,机械行业
115,601717,郑煤机,机械行业
116,601798,蓝科高新,机械行业
117,603011,合锻股份,机械行业
119,603088,宁波精达,机械行业
120,603169,兰石重装,机械行业
130,000157,中联重科,机械行业
131,000404,华意压缩,机械行业
132,000410,沈阳机床,机械行业
133,000425,徐工机械,机械行业
134,000519,江南红箭,机械行业
135,000528,柳    工,机械行业
136,000530,大冷股份,机械行业
137,000551,创元科技,机械行业
138,000570,苏常柴Ａ,机械行业
139,000595,宝塔实业,机械行业
140,000617,*ST济柴,机械行业
141,000678,襄阳轴承,机械行业
142,000680,山推股份,机械行业
143,000777,中核科技,机械行业
145,000816,智慧农业,机械行业
146,000821,京山轻机,机械行业
148,000852,石化机械,机械行业
151,000903,云内动力,机械行业
152,000923,河北宣工,机械行业
153,000925,众合科技,机械行业
155,002009,天奇股份,机械行业
156,002011,盾安环境,机械行业
157,002026,山东威达,机械行业
158,002046,轴研科技,机械行业
159,002050,三花股份,机械行业
160,002097,山河智能,机械行业
161,002101,广东鸿图,机械行业
162,002122,天马股份,机械行业
163,002131,利欧股份,机械行业
164,002147,方圆支承,机械行业
165,002150,通润装备,机械行业
166,002158,汉钟精机,机械行业
167,002204,大连重工,机械行业
168,002209,达 意 隆,机械行业
169,002248,华东数控,机械行业
170,002255,海陆重工,机械行业
173,002278,神开股份,机械行业
174,002282,博深工具,机械行业
175,002328,新朋股份,机械行业
176,002337,赛象科技,机械行业
177,002342,巨力索具,机械行业
178,002347,泰尔重工,机械行业
180,002366,台海核电,机械行业
181,002413,雷科防务,机械行业
182,002418,康盛股份,机械行业
183,002430,杭氧股份,机械行业
184,002435,长江润发,机械行业
185,002438,江苏神通,机械行业
186,002444,巨星科技,机械行业
187,002445,中南重工,机械行业
188,002459,天业通联,机械行业
191,002483,润邦股份,机械行业
192,002490,山东墨龙,机械行业
193,002499,科林环保,机械行业
194,002509,天广消防,机械行业
195,002514,宝馨科技,机械行业
196,002520,日发精机,机械行业
198,002526,山东矿机,机械行业
202,002534,杭锅股份,机械行业
203,002535,林州重机,机械行业
204,002537,海立美达,机械行业
209,002591,恒大高新,机械行业
211,002598,山东章鼓,机械行业
214,002621,三垒股份,机械行业
215,002630,华西能源,机械行业
217,002639,雪人股份,机械行业
219,002651,利君股份,机械行业
220,002667,鞍重股份,机械行业
221,002680,长生生物,机械行业
223,002686,亿利达,机械行业
224,002690,美亚光电,机械行业
225,002691,冀凯股份,机械行业
228,300023,宝德股份,机械行业
229,300024,机器人,机械行业
234,300092,科新机电,机械行业
236,300103,达刚路机,机械行业
237,300116,坚瑞消防,机械行业
239,300145,南方泵业,机械行业
240,300151,昌红科技,机械行业
241,300152,科融环境,机械行业
242,300159,新研股份,机械行业
243,300161,华中数控,机械行业
244,300173,智慧松德,机械行业
245,300185,通裕重工,机械行业
247,300195,长荣股份,机械行业
249,300202,聚龙股份,机械行业
250,300210,森远股份,机械行业
251,300228,富瑞特装,机械行业
253,300257,开山股份,机械行业
255,300263,隆华节能,机械行业
257,300272,开能环保,机械行业
259,300278,华昌达,机械行业
260,300280,南通锻压,机械行业
262,300293,蓝英装备,机械行业
263,300307,慈星股份,机械行业
264,300308,中际装备,机械行业
265,300309,吉艾科技,机械行业
266,300316,晶盛机电,机械行业
267,300334,津膜科技,机械行业
268,300358,楚天科技,机械行业
269,300362,天翔环境,机械行业
270,300368,汇金股份,机械行业
271,300382,斯莱克,机械行业
272,300385,雪浪环境,机械行业
273,300391,康跃科技,机械行业
275,300402,宝色股份,机械行业
276,300411,金盾股份,机械行业
287,600062,华润双鹤,生物制药
288,600079,人福医药,生物制药
289,600080,金花股份,生物制药
291,600129,太极集团,生物制药
292,600161,天坛生物,生物制药
294,600200,江苏吴中,生物制药
295,600201,生物股份,生物制药
296,600211,西藏药业,生物制药
297,600216,浙江医药,生物制药
298,600222,太龙药业,生物制药
299,600252,中恒集团,生物制药
301,600276,恒瑞医药,生物制药
302,600285,羚锐制药,生物制药
304,600332,白云山,生物制药
305,600351,亚宝药业,生物制药
307,600420,现代制药,生物制药
308,600422,昆药集团,生物制药
309,600436,片仔癀,生物制药
310,600466,蓝光发展,生物制药
311,600479,千金药业,生物制药
312,600488,天药股份,生物制药
314,600518,康美药业,生物制药
315,600521,华海药业,生物制药
316,600530,交大昂立,生物制药
317,600535,天士力,生物制药
318,600557,康缘药业,生物制药
320,600572,康恩贝,生物制药
323,600645,中源协和,生物制药
324,600664,哈药股份,生物制药
325,600666,奥瑞德,生物制药
326,600671,天目药业,生物制药
327,600750,江中药业,生物制药
328,600771,广誉远,生物制药
329,600781,辅仁药业,生物制药
330,600789,鲁抗医药,生物制药
331,600812,华北制药,生物制药
332,600829,人民同泰,生物制药
333,600867,通化东宝,生物制药
334,600976,健民集团,生物制药
335,600993,马应龙,生物制药
336,603168,莎普爱思,生物制药
338,603456,九洲药业,生物制药
340,603998,方盛制药,生物制药
344,000403,ST生化,生物制药
345,000423,东阿阿胶,生物制药
346,000513,丽珠集团,生物制药
347,000518,四环生物,生物制药
348,000538,云南白药,生物制药
349,000566,海南海药,生物制药
350,000590,启迪古汉,生物制药
351,000597,东北制药,生物制药
353,000623,吉林敖东,生物制药
354,000650,仁和药业,生物制药
355,000661,长春高新,生物制药
356,000739,普洛药业,生物制药
357,000756,新华制药,生物制药
360,000790,华神集团,生物制药
361,000908,景峰医药,生物制药
363,000919,金陵药业,生物制药
364,000952,广济药业,生物制药
365,000963,华东医药,生物制药
367,000999,华润三九,生物制药
369,002007,华兰生物,生物制药
370,002019,亿帆鑫富,生物制药
372,002022,科华生物,生物制药
374,002038,双鹭药业,生物制药
375,002099,海翔药业,生物制药
376,002107,沃华医药,生物制药
377,002118,紫鑫药业,生物制药
378,002166,莱茵生物,生物制药
379,002198,嘉应制药,生物制药
380,002219,恒康医疗,生物制药
381,002252,上海莱士,生物制药
383,002275,桂林三金,生物制药
384,002287,奇正藏药,生物制药
385,002294,信立泰,生物制药
386,002317,众生药业,生物制药
387,002332,仙琚制药,生物制药
388,002349,精华制药,生物制药
389,002365,永安药业,生物制药
390,002370,亚太药业,生物制药
391,002390,信邦制药,生物制药
392,002393,力生制药,生物制药
393,002399,海普瑞,生物制药
395,002422,科伦药业,生物制药
396,002424,贵州百灵,生物制药
397,002433,太安堂,生物制药
398,002437,誉衡药业,生物制药
399,002550,千红制药,生物制药
400,002566,益盛药业,生物制药
401,002603,以岭药业,生物制药
402,002644,佛慈制药,生物制药
403,002653,海思科,生物制药
404,002675,东诚药业,生物制药
405,002688,金河生物,生物制药
406,002693,双成药业,生物制药
407,002727,一心堂,生物制药
408,002728,台城制药,生物制药
409,002737,葵花药业,生物制药
411,300006,莱美药业,生物制药
413,300016,北陆药业,生物制药
414,300026,红日药业,生物制药
416,300049,福瑞股份,生物制药
417,300086,康芝药业,生物制药
418,300110,华仁药业,生物制药
419,300119,瑞普生物,生物制药
420,300122,智飞生物,生物制药
421,300142,沃森生物,生物制药
422,300147,香雪制药,生物制药
424,300181,佐力药业,生物制药
425,300194,福安药业,生物制药
426,300199,翰宇药业,生物制药
427,300204,舒泰神,生物制药
428,300233,金城医药,生物制药
430,300254,仟源医药,生物制药
431,300255,常山药业,生物制药
432,300267,尔康制药,生物制药
433,300289,利德曼,生物制药
434,300294,博雅生物,生物制药
436,300363,博腾股份,生物制药
437,300406,九强生物,生物制药
440,600028,中国石化,石油行业
442,600583,海油工程,石油行业
443,600688,上海石化,石油行业
444,600759,洲际油气,石油行业
446,601808,中海油服,石油行业
447,601857,中国石油,石油行业
449,000059,*ST华锦,石油行业
450,000096,广聚能源,石油行业
452,000554,泰山石油,石油行业
453,000637,茂化实华,石油行业
454,000819,岳阳兴长,石油行业
455,002207,准油股份,石油行业
456,002221,东华能源,石油行业
460,300157,恒泰艾普,石油行业
461,300164,通源石油,石油行业
462,300191,潜能恒信,石油行业
463,600176,中国巨石,玻璃行业
464,600184,光电股份,玻璃行业
465,600293,三峡新材,玻璃行业
467,600552,方兴科技,玻璃行业
468,600586,金晶科技,玻璃行业
469,600629,华建集团,玻璃行业
470,600819,耀皮玻璃,玻璃行业
471,600876,洛阳玻璃,玻璃行业
472,601636,旗滨集团,玻璃行业
478,300093,金刚玻璃,玻璃行业
479,300160,秀强股份,玻璃行业
480,300196,长海股份,玻璃行业
481,300395,菲利华,玻璃行业
482,600366,宁波韵升,仪器仪表
484,600848,上海临港,仪器仪表
485,601222,林洋能源,仪器仪表
486,601567,三星医疗,仪器仪表
488,000676,智度投资,仪器仪表
489,000980,金马股份,仪器仪表
490,000988,华工科技,仪器仪表
492,002058,威 尔 泰,仪器仪表
493,002121,科陆电子,仪器仪表
496,002214,大立科技,仪器仪表
501,002415,海康威视,仪器仪表
503,002527,新时达,仪器仪表
504,002658,雪迪龙,仪器仪表
505,300007,汉威电子,仪器仪表
506,300012,华测检测,仪器仪表
507,300066,三川智慧,仪器仪表
508,300097,智云股份,仪器仪表
511,300112,万讯自控,仪器仪表
512,300124,汇川技术,仪器仪表
513,300137,先河环保,仪器仪表
514,300165,天瑞仪器,仪器仪表
516,300259,新天科技,仪器仪表
518,300306,远方光电,仪器仪表
519,300338,开元仪器,仪器仪表
520,300349,金卡股份,仪器仪表
523,300370,安控科技,仪器仪表
525,300410,正业科技,仪器仪表
530,600004,白云机场,交通运输
531,600009,上海机场,交通运输
532,600017,日照港,交通运输
533,600018,上港集团,交通运输
534,600026,中海发展,交通运输
535,600029,南方航空,交通运输
537,600115,东方航空,交通运输
538,600119,长江投资,交通运输
539,600125,铁龙物流,交通运输
540,600180,瑞茂通,交通运输
542,600221,海南航空,交通运输
544,600270,外运发展,交通运输
545,600279,重庆港九,交通运输
546,600317,营口港,交通运输
547,600386,北巴传媒,交通运输
550,600561,江西长运,交通运输
552,600611,大众交通,交通运输
554,600662,强生控股,交通运输
555,600692,亚通股份,交通运输
556,600708,光明地产,交通运输
557,600717,天津港,交通运输
558,600751,天海投资,交通运输
560,600794,保税科技,交通运输
561,600798,宁波海运,交通运输
562,600834,申通地铁,交通运输
563,600835,上海机电,交通运输
564,600894,广日股份,交通运输
565,600896,中海海盛,交通运输
566,600897,厦门空港,交通运输
567,600967,北方创业,交通运输
568,601000,唐山港,交通运输
569,601006,大秦铁路,交通运输
570,601008,连云港,交通运输
573,601111,中国国航,交通运输
574,601313,江南嘉捷,交通运输
575,601333,广深铁路,交通运输
577,601866,中海集运,交通运输
578,601872,招商轮船,交通运输
579,601880,大连港,交通运输
581,603111,康尼机电,交通运输
582,603128,华贸物流,交通运输
585,000022,深赤湾Ａ,交通运输
586,000088,盐 田 港,交通运输
587,000089,深圳机场,交通运输
589,000421,南京中北,交通运输
590,000507,珠海港,交通运输
591,000520,长航凤凰,交通运输
593,000905,厦门港务,交通运输
594,000920,南方汇通,交通运输
595,000996,中国中期,交通运输
597,002183,怡 亚 通,交通运输
598,002210,飞马国际,交通运输
599,002245,澳洋顺昌,交通运输
600,002320,海峡股份,交通运输
601,002357,富临运业,交通运输
602,002367,康力电梯,交通运输
603,002448,中原内配,交通运输
604,002492,恒基达鑫,交通运输
605,002592,八菱科技,交通运输
607,002682,龙洲股份,交通运输
608,002689,远大智能,交通运输
609,002711,欧浦智网,交通运输
611,300013,新宁物流,交通运输
612,300240,飞力达,交通运输
613,300350,华鹏飞,交通运输
615,600118,中国卫星,飞机制造
616,600316,洪都航空,飞机制造
617,600343,航天动力,飞机制造
619,600391,成发科技,飞机制造
620,600879,航天电子,飞机制造
621,600893,中航动力,飞机制造
623,000768,中航飞机,飞机制造
624,000901,航天科技,飞机制造
625,002023,海特高新,飞机制造
626,002111,威海广泰,飞机制造
628,600097,开创国际,农林牧渔
629,600108,亚盛集团,农林牧渔
630,600127,金健米业,农林牧渔
631,600189,吉林森工,农林牧渔
632,600195,中牧股份,农林牧渔
633,600251,冠农股份,农林牧渔
636,600275,武昌鱼,农林牧渔
637,600313,农发种业,农林牧渔
638,600354,敦煌种业,农林牧渔
639,600359,新农开发,农林牧渔
640,600371,万向德农,农林牧渔
641,600438,通威股份,农林牧渔
642,600467,好当家,农林牧渔
644,600540,新赛股份,农林牧渔
646,600965,福成五丰,农林牧渔
647,600975,新五丰,农林牧渔
648,601996,丰林集团,农林牧渔
649,603609,禾丰牧业,农林牧渔
650,000048,康达尔,农林牧渔
651,000061,农 产 品,农林牧渔
652,000592,平潭发展,农林牧渔
653,000663,永安林业,农林牧渔
654,000702,正虹科技,农林牧渔
655,000713,丰乐种业,农林牧渔
656,000735,罗 牛 山,农林牧渔
657,000798,中水渔业,农林牧渔
658,000876,新 希 望,农林牧渔
659,000998,隆平高科,农林牧渔
660,002041,登海种业,农林牧渔
662,002086,东方海洋,农林牧渔
663,002100,天康生物,农林牧渔
664,002124,天邦股份,农林牧渔
665,002157,正邦科技,农林牧渔
666,002173,千足珍珠,农林牧渔
667,002234,民和股份,农林牧渔
671,002385,大北农,农林牧渔
672,002447,壹桥海参,农林牧渔
673,002458,益生股份,农林牧渔
674,002477,雏鹰农牧,农林牧渔
675,002505,大康牧业,农林牧渔
677,002567,唐人神,农林牧渔
678,002679,福建金森,农林牧渔
679,002696,百洋股份,农林牧渔
680,002714,牧原股份,农林牧渔
682,300021,大禹节水,农林牧渔
684,300094,国联水产,农林牧渔
686,300143,星河生物,农林牧渔
687,300189,神农基因,农林牧渔
688,300268,万福生科,农林牧渔
689,300313,天山生物,农林牧渔
690,300381,溢多利,农林牧渔
692,600068,葛洲坝,建筑建材
693,600170,上海建工,建筑建材
694,600248,延长化建,建筑建材
695,600284,浦东建设,建筑建材
696,600321,国栋建设,建筑建材
697,600326,西藏天路,建筑建材
698,600491,龙元建设,建筑建材
699,600502,安徽水利,建筑建材
700,600512,腾达建设,建筑建材
702,600545,新疆城建,建筑建材
705,600820,隧道股份,建筑建材
706,600853,龙建股份,建筑建材
707,600970,中材国际,建筑建材
709,601117,中国化学,建筑建材
710,601186,中国铁建,建筑建材
712,601618,中国中冶,建筑建材
713,601668,中国建筑,建筑建材
714,601669,中国电建,建筑建材
715,601789,宁波建工,建筑建材
716,601800,中国交建,建筑建材
718,603017,中衡设计,建筑建材
723,000010,深华新,建筑建材
724,000023,深天地Ａ,建筑建材
725,000055,方大集团,建筑建材
726,000065,北方国际,建筑建材
727,000090,天健集团,建筑建材
730,000619,海螺型材,建筑建材
731,000786,北新建材,建筑建材
733,000961,中南建设,建筑建材
734,002043,兔 宝 宝,建筑建材
735,002047,宝鹰股份,建筑建材
736,002051,中工国际,建筑建材
738,002062,宏润建设,建筑建材
739,002066,瑞泰科技,建筑建材
740,002081,金 螳 螂,建筑建材
742,002135,东南网架,建筑建材
745,002178,延华智能,建筑建材
746,002205,国统股份,建筑建材
747,002225,濮耐股份,建筑建材
748,002247,帝龙新材,建筑建材
749,002271,东方雨虹,建筑建材
751,002310,东方园林,建筑建材
752,002314,南山控股,建筑建材
753,002325,洪涛股份,建筑建材
754,002372,伟星新材,建筑建材
755,002375,亚厦股份,建筑建材
756,002392,北京利尔,建筑建材
757,002398,建研集团,建筑建材
758,002431,棕榈园林,建筑建材
759,002468,艾迪西,建筑建材
761,002482,广田股份,建筑建材
762,002542,中化岩土,建筑建材
764,002596,海南瑞泽,建筑建材
765,002620,瑞和股份,建筑建材
766,002628,成都路桥,建筑建材
767,002652,扬子新材,建筑建材
768,002659,中泰桥梁,建筑建材
769,002663,普邦园林,建筑建材
770,002671,龙泉股份,建筑建材
771,002713,东易日盛,建筑建材
772,002717,岭南园林,建筑建材
773,002738,中矿资源,建筑建材
775,300080,易成新能,建筑建材
777,300163,先锋新材,建筑建材
778,300284,苏交科,建筑建材
779,300344,太空板业,建筑建材
781,600143,金发科技,塑料制品
782,600146,商赢环球,塑料制品
783,600444,*ST国通,塑料制品
784,600458,时代新材,塑料制品
786,603806,福斯特,塑料制品
789,000973,佛塑科技,塑料制品
790,002002,鸿达兴业,塑料制品
792,002243,通产丽星,塑料制品
795,002343,慈文传媒,塑料制品
796,002420,毅昌股份,塑料制品
799,002522,浙江众成,塑料制品
801,002641,永高股份,塑料制品
802,002676,顺威股份,塑料制品
803,002694,顾地科技,塑料制品
804,002735,王子新材,塑料制品
805,300169,天晟新材,塑料制品
806,300198,纳川股份,塑料制品
807,300218,安利股份,塑料制品
809,300230,永利股份,塑料制品
810,300305,裕兴股份,塑料制品
812,300325,德威新材,塑料制品
816,600136,道博股份,商业百货
818,600306,商业城,商业百货
820,600361,华联综超,商业百货
821,600415,小商品城,商业百货
822,600511,国药股份,商业百货
824,600628,新世界,商业百货
825,600655,豫园商城,商业百货
826,600682,南京新百,商业百货
827,600693,东百集团,商业百货
828,600694,大商股份,商业百货
829,600697,欧亚集团,商业百货
830,600712,南宁百货,商业百货
831,600713,南京医药,商业百货
832,600723,首商股份,商业百货
833,600729,重庆百货,商业百货
835,600753,东方银星,商业百货
836,600774,汉商集团,商业百货
837,600778,友好集团,商业百货
838,600785,新华百货,商业百货
839,600790,轻纺城,商业百货
840,600814,杭州解百,商业百货
842,600824,益民集团,商业百货
844,600828,茂业商业,商业百货
845,600833,第一医药,商业百货
846,600838,上海九百,商业百货
847,600856,中天能源,商业百货
848,600857,宁波中百,商业百货
849,600858,银座股份,商业百货
850,600859,王府井,商业百货
851,600861,北京城乡,商业百货
852,600865,百大集团,商业百货
853,600891,秋林集团,商业百货
855,600998,九州通,商业百货
856,601010,文峰股份,商业百货
858,601607,上海医药,商业百货
859,601933,永辉超市,商业百货
861,603368,柳州医药,商业百货
864,000026,飞亚达Ａ,商业百货
865,000028,国药一致,商业百货
866,000062,深圳华强,商业百货
867,000408,金谷源,商业百货
868,000411,英特集团,商业百货
869,000416,民生控股,商业百货
870,000417,合肥百货,商业百货
871,000419,通程控股,商业百货
873,000516,国际医学,商业百货
874,000560,昆百大Ａ,商业百货
875,000564,西安民生,商业百货
876,000587,金叶珠宝,商业百货
877,000591,太阳能,商业百货
878,000638,万方发展,商业百货
880,000705,浙江震元,商业百货
881,000715,中兴商业,商业百货
882,000759,中百集团,商业百货
883,000785,武汉中商,商业百货
884,000829,天音控股,商业百货
885,000882,华联股份,商业百货
886,000889,茂业通信,商业百货
887,000906,物产中拓,商业百货
888,000987,广州友谊,商业百货
890,002187,广百股份,商业百货
891,002251,步 步 高,商业百货
892,002264,新 华 都,商业百货
894,002336,人人乐,商业百货
896,002416,爱施德,商业百货
897,002419,天虹商场,商业百货
898,002441,众业达,商业百货
899,002462,嘉事堂,商业百货
900,002556,辉隆股份,商业百货
901,002561,徐家汇,商业百货
902,002589,瑞康医药,商业百货
903,002697,红旗连锁,商业百货
904,300022,吉峰农机,商业百货
906,600070,浙江富润,纺织行业
907,600152,维科精华,纺织行业
908,600156,华升股份,纺织行业
910,600232,金鹰股份,纺织行业
911,600370,三房巷,纺织行业
913,600493,凤竹纺织,纺织行业
914,600626,申达股份,纺织行业
916,600689,上海三毛,纺织行业
917,600735,新华锦,纺织行业
919,600987,航民股份,纺织行业
920,601339,百隆东方,纺织行业
921,601599,鹿港科技,纺织行业
923,603889,新澳股份,纺织行业
924,000018,神州长城,纺织行业
925,000045,深纺织Ａ,纺织行业
926,000158,常山股份,纺织行业
928,000726,鲁  泰Ａ,纺织行业
929,000779,三毛派神,纺织行业
930,000803,金宇车城,纺织行业
931,000813,天山纺织,纺织行业
932,000850,华茂股份,纺织行业
933,000955,欣龙控股,纺织行业
934,000971,高升控股,纺织行业
935,000982,中银绒业,纺织行业
936,002034,美 欣 达,纺织行业
937,002042,华孚色纺,纺织行业
938,002070,众和股份,纺织行业
939,002072,凯瑞德,纺织行业
941,002087,新野纺织,纺织行业
942,002127,南极电商,纺织行业
943,002144,宏达高科,纺织行业
944,002193,山东如意,纺织行业
945,002394,联发股份,纺织行业
947,002516,旷达科技,纺织行业
948,600055,华润万东,医疗器械
949,600297,广汇汽车,医疗器械
950,600587,新华医疗,医疗器械
951,600763,通策医疗,医疗器械
954,002223,鱼跃医疗,医疗器械
955,002382,蓝帆医疗,医疗器械
957,002551,尚荣医疗,医疗器械
958,002614,蒙发利,医疗器械
959,300003,乐普医疗,医疗器械
960,300015,爱尔眼科,医疗器械
964,300206,理邦仪器,医疗器械
965,300216,千山药机,医疗器械
966,300238,冠昊生物,医疗器械
967,300244,迪安诊断,医疗器械
968,300246,宝莱特,医疗器械
969,300247,乐金健康,医疗器械
970,300273,和佳股份,医疗器械
971,300298,三诺生物,医疗器械
972,300314,戴维医疗,医疗器械
973,300318,博晖创新,医疗器械
974,300326,凯利泰,医疗器械
975,300347,泰格医药,医疗器械
979,600111,北方稀土,有色金属
980,600139,西部资源,有色金属
981,600219,南山铝业,有色金属
982,600255,鑫科材料,有色金属
984,600311,荣华实业,有色金属
985,600331,宏达股份,有色金属
986,600338,西藏珠峰,有色金属
987,600362,江西铜业,有色金属
989,600432,吉恩镍业,有色金属
990,600456,宝钛股份,有色金属
991,600459,贵研铂业,有色金属
992,600489,中金黄金,有色金属
993,600497,驰宏锌锗,有色金属
994,600531,豫光金铅,有色金属
995,600547,山东黄金,有色金属
997,600595,中孚实业,有色金属
998,600673,东阳光科,有色金属
1001,600768,宁波富邦,有色金属
1002,600888,新疆众和,有色金属
1003,600961,株冶集团,有色金属
1004,601137,博威合金,有色金属
1005,601168,西部矿业,有色金属
1006,601600,中国铝业,有色金属
1009,601958,金钼股份,有色金属
1010,000060,中金岭南,有色金属
1011,000426,兴业矿业,有色金属
1012,000587,金叶珠宝,有色金属
1013,000603,盛达矿业,有色金属
1014,000612,焦作万方,有色金属
1015,000630,铜陵有色,有色金属
1016,000657,中钨高新,有色金属
1017,000697,炼石有色,有色金属
1018,000751,锌业股份,有色金属
1019,000758,中色股份,有色金属
1020,000762,西藏矿业,有色金属
1021,000807,云铝股份,有色金属
1022,000831,*ST五稀,有色金属
1023,000878,云南铜业,有色金属
1024,000960,锡业股份,有色金属
1025,000962,东方钽业,有色金属
1026,002082,栋梁新材,有色金属
1027,002114,罗平锌电,有色金属
1028,002149,西部材料,有色金属
1029,002155,湖南黄金,有色金属
1030,002160,常铝股份,有色金属
1031,002167,东方锆业,有色金属
1032,002171,楚江新材,有色金属
1033,002182,云海金属,有色金属
1034,002203,海亮股份,有色金属
1037,002333,罗普斯金,有色金属
1038,002340,格林美,有色金属
1040,002379,鲁丰环保,有色金属
1042,002460,赣锋锂业,有色金属
1043,002501,利源精制,有色金属
1044,002540,亚太科技,有色金属
1045,002578,闽发铝业,有色金属
1047,300034,钢研高纳,有色金属
1048,600167,联美控股,供水供气
1050,600187,国中水务,供水供气
1051,600283,钱江水利,供水供气
1052,600323,瀚蓝环境,供水供气
1053,600333,长春燃气,供水供气
1054,600461,洪城水业,供水供气
1055,600617,国新能源,供水供气
1056,600635,大众公用,供水供气
1057,600649,城投控股,供水供气
1058,600719,大连热电,供水供气
1059,600758,红阳能源,供水供气
1060,600917,重庆燃气,供水供气
1061,600982,宁波热电,供水供气
1062,601139,深圳燃气,供水供气
1063,601158,重庆水务,供水供气
1064,601199,江南水务,供水供气
1065,000593,大通燃气,供水供气
1067,000669,金鸿能源,供水供气
1068,000685,中山公用,供水供气
1069,000692,惠天热电,供水供气
1070,000695,滨海能源,供水供气
1073,600089,特变电工,发电设备
1074,600192,长城电工,发电设备
1075,600268,国电南自,发电设备
1076,600290,华仪电气,发电设备
1077,600312,平高电气,发电设备
1078,600416,湘电股份,发电设备
1079,600517,置信电气,发电设备
1080,600525,长园集团,发电设备
1081,600550,保变电气,发电设备
1082,600580,卧龙电气,发电设备
1083,600590,泰豪科技,发电设备
1084,600875,东方电气,发电设备
1085,600973,宝胜股份,发电设备
1086,601126,四方股份,发电设备
1087,601179,中国西电,发电设备
1088,601558,华锐风电,发电设备
1089,601700,风范股份,发电设备
1090,601727,上海电气,发电设备
1092,603333,明星电缆,发电设备
1094,000400,许继电气,发电设备
1095,000585,东北电气,发电设备
1096,000682,东方电子,发电设备
1097,000806,银河生物,发电设备
1098,000967,盈峰环境,发电设备
1102,002123,荣信股份,发电设备
1103,002130,沃尔核材,发电设备
1104,002168,深圳惠程,发电设备
1105,002169,智光电气,发电设备
1106,002202,金风科技,发电设备
1107,002212,南洋股份,发电设备
1108,002227,奥 特 迅,发电设备
1110,002300,太阳电缆,发电设备
1111,002323,雅百特,发电设备
1112,002350,北京科锐,发电设备
1113,002358,森源电气,发电设备
1114,002451,摩恩电气,发电设备
1116,002498,汉缆股份,发电设备
1117,002531,天顺风能,发电设备
1119,002560,通达股份,发电设备
1120,002622,永大集团,发电设备
1121,002660,茂硕电源,发电设备
1122,300001,特锐德,发电设备
1123,300004,南风股份,发电设备
1124,300018,中元华电,发电设备
1125,300040,九洲电气,发电设备
1126,300048,合康变频,发电设备
1127,300062,中能电气,发电设备
1128,300069,金利华电,发电设备
1129,300120,经纬电材,发电设备
1130,300125,易世达,发电设备
1131,300129,泰胜风能,发电设备
1134,300208,恒顺众昇,发电设备
1135,300341,麦迪电气,发电设备
1136,300372,欣泰电气,发电设备
1140,600163,中闽能源,造纸行业
1142,600308,华泰股份,造纸行业
1143,600356,恒丰纸业,造纸行业
1144,600433,冠豪高新,造纸行业
1145,600462,石岘纸业,造纸行业
1146,600567,山鹰纸业,造纸行业
1147,600793,ST宜纸,造纸行业
1148,600963,岳阳林纸,造纸行业
1149,600966,博汇纸业,造纸行业
1150,000488,晨鸣纸业,造纸行业
1151,000815,美利纸业,造纸行业
1152,000820,金城股份,造纸行业
1153,000833,贵糖股份,造纸行业
1155,002067,景兴纸业,造纸行业
1156,002078,太阳纸业,造纸行业
1158,002303,美盈森,造纸行业
1159,002511,中顺洁柔,造纸行业
1160,002521,齐峰新材,造纸行业
1162,600072,钢构工程,船舶制造
1163,600150,中国船舶,船舶制造
1164,600685,中船防务,船舶制造
1165,601890,亚星锚链,船舶制造
1166,601989,中国重工,船舶制造
1167,002608,*ST舜船,船舶制造
1168,300008,上海佳豪,船舶制造
1169,300123,太阳鸟,船舶制造
1170,600121,郑州煤电,煤炭行业
1172,600157,永泰能源,煤炭行业
1173,600179,ST黑化,煤炭行业
1175,600348,阳泉煤业,煤炭行业
1176,600381,青海春天,煤炭行业
1178,600397,安源煤业,煤炭行业
1179,600403,大有能源,煤炭行业
1180,600408,安泰集团,煤炭行业
1181,600508,上海能源,煤炭行业
1182,600546,山煤国际,煤炭行业
1183,600652,游久游戏,煤炭行业
1185,600721,*ST百花,煤炭行业
1186,600725,云维股份,煤炭行业
1187,600740,山西焦化,煤炭行业
1188,600792,云煤能源,煤炭行业
1189,600971,恒源煤电,煤炭行业
1190,600997,开滦股份,煤炭行业
1191,601001,大同煤业,煤炭行业
1193,601015,陕西黑猫,煤炭行业
1194,601088,中国神华,煤炭行业
1195,601101,昊华能源,煤炭行业
1196,601225,陕西煤业,煤炭行业
1197,601666,平煤股份,煤炭行业
1199,601898,中煤能源,煤炭行业
1201,000034,深信泰丰,煤炭行业
1202,000552,靖远煤电,煤炭行业
1203,000571,新大洲Ａ,煤炭行业
1205,000780,平庄能源,煤炭行业
1206,000933,神火股份,煤炭行业
1207,000937,冀中能源,煤炭行业
1208,000968,*ST煤气,煤炭行业
1210,002128,露天煤业,煤炭行业
1211,600073,上海梅林,食品行业
1214,600260,凯乐科技,食品行业
1217,600305,恒顺醋业,食品行业
1218,600419,天润乳业,食品行业
1219,600429,三元股份,食品行业
1220,600597,光明乳业,食品行业
1221,600695,绿庭投资,食品行业
1222,600737,中粮屯河,食品行业
1223,600866,星湖科技,食品行业
1224,600872,中炬高新,食品行业
1225,600873,梅花生物,食品行业
1226,600887,伊利股份,食品行业
1227,600962,国投中鲁,食品行业
1229,603288,海天味业,食品行业
1230,000019,深深宝Ａ,食品行业
1231,000529,广弘控股,食品行业
1232,000639,西王食品,食品行业
1233,000716,黑芝麻,食品行业
1234,000796,凯撒旅游,食品行业
1235,000848,承德露露,食品行业
1237,000895,双汇发展,食品行业
1239,000930,中粮生化,食品行业
1241,002216,三全食品,食品行业
1243,002286,保龄宝,食品行业
1244,002329,皇氏集团,食品行业
1245,002330,得利斯,食品行业
1247,002481,双塔食品,食品行业
1248,002495,佳隆股份,食品行业
1249,002507,涪陵榨菜,食品行业
1250,002515,金字火腿,食品行业
1252,002568,百润股份,食品行业
1253,002570,贝因美,食品行业
1255,002604,龙力生物,食品行业
1256,002626,金达威,食品行业
1257,002650,加加食品,食品行业
1258,002661,克明面业,食品行业
1259,002695,煌上煌,食品行业
1260,002702,海欣食品,食品行业
1261,002719,麦趣尔,食品行业
1262,002726,龙大肉食,食品行业
1263,002732,燕塘乳业,食品行业
1264,300138,晨光生物,食品行业
1265,300146,汤臣倍健,食品行业
1266,300149,量子高科,食品行业
1267,300175,朗源股份,食品行业
1268,300401,花园生物,食品行业
1269,600145,*ST新亿,陶瓷行业
1272,002162,悦心健康,陶瓷行业
1274,300234,开尔新材,陶瓷行业
1276,600302,标准股份,纺织机械
1277,600610,中毅达,纺织机械
1278,600843,上工申贝,纺织机械
1279,000666,经纬纺机,纺织机械
1280,002021,中捷资源,纺织机械
1281,002196,方正电机,纺织机械
1282,002722,金轮股份,纺织机械
1283,300384,三联虹普,纺织机械
1284,600005,武钢股份,钢铁行业
1285,600010,包钢股份,钢铁行业
1286,600019,宝钢股份,钢铁行业
1287,600022,山东钢铁,钢铁行业
1288,600117,西宁特钢,钢铁行业
1291,600193,创兴资源,钢铁行业
1292,600231,凌钢股份,钢铁行业
1293,600282,南钢股份,钢铁行业
1295,600399,抚顺特钢,钢铁行业
1297,600496,精工钢构,钢铁行业
1299,600532,宏达矿业,钢铁行业
1301,600569,安阳钢铁,钢铁行业
1304,600784,鲁银投资,钢铁行业
1306,600882,华联矿业,钢铁行业
1309,601005,重庆钢铁,钢铁行业
1310,601028,玉龙股份,钢铁行业
1311,601969,海南矿业,钢铁行业
1312,000409,山东地矿,钢铁行业
1313,000629,攀钢钒钛,钢铁行业
1314,000655,金岭矿业,钢铁行业
1315,000708,大冶特钢,钢铁行业
1316,000709,河钢股份,钢铁行业
1318,000761,本钢板材,钢铁行业
1319,000778,新兴铸管,钢铁行业
1320,000825,太钢不锈,钢铁行业
1321,000890,法 尔 胜,钢铁行业
1322,000898,鞍钢股份,钢铁行业
1325,000969,安泰科技,钢铁行业
1327,002110,三钢闽光,钢铁行业
1328,002132,恒星科技,钢铁行业
1329,002318,久立特材,钢铁行业
1330,002352,鼎泰新材,钢铁行业
1331,002359,齐星铁塔,钢铁行业
1332,002423,中原特钢,钢铁行业
1333,002443,金洲管道,钢铁行业
1334,002478,常宝股份,钢铁行业
1336,002524,光正集团,钢铁行业
1337,002541,鸿路钢构,钢铁行业
1339,002615,哈尔斯,钢铁行业
1341,300345,红宇新材,钢铁行业
1342,600008,首创股份,环保行业
1344,600874,创业环保,环保行业
1345,603126,中材节能,环保行业
1346,603588,高能环境,环保行业
1348,000544,中原环保,环保行业
1349,000598,兴蓉环境,环保行业
1351,002200,云投生态,环保行业
1352,002549,凯美特气,环保行业
1353,002573,清新环境,环保行业
1354,002616,长青集团,环保行业
1355,002672,东江环保,环保行业
1356,300055,万邦达,环保行业
1357,300070,碧水源,环保行业
1358,300156,神雾环保,环保行业
1359,300172,中电环保,环保行业
1361,300190,维尔利,环保行业
1362,300197,铁汉生态,环保行业
1363,300262,巴安水务,环保行业
1364,300332,天壕环境,环保行业
1365,300335,迪森股份,环保行业
1366,300355,蒙草抗旱,环保行业
1367,300388,国祯环保,环保行业
1369,600059,古越龙山,酿酒行业
1370,600084,中葡股份,酿酒行业
1371,600090,啤酒花,酿酒行业
1372,600132,重庆啤酒,酿酒行业
1373,600197,伊力特,酿酒行业
1376,600365,通葡股份,酿酒行业
1377,600519,贵州茅台,酿酒行业
1378,600543,莫高股份,酿酒行业
1379,600559,老白干酒,酿酒行业
1380,600573,惠泉啤酒,酿酒行业
1382,600616,金枫酒业,酿酒行业
1383,600702,沱牌舍得,酿酒行业
1384,600779,*ST水井,酿酒行业
1385,600809,山西汾酒,酿酒行业
1386,601579,会稽山,酿酒行业
1387,603369,今世缘,酿酒行业
1388,000557,*ST广夏,酿酒行业
1389,000568,泸州老窖,酿酒行业
1391,000729,燕京啤酒,酿酒行业
1392,000752,西藏发展,酿酒行业
1394,000858,五 粮 液,酿酒行业
1395,000860,顺鑫农业,酿酒行业
1396,000869,张  裕Ａ,酿酒行业
1397,000929,兰州黄河,酿酒行业
1400,002461,珠江啤酒,酿酒行业
1401,002646,青青稞酒,酿酒行业
1423,600112,天成控股,电器行业
1424,600202,哈空调,电器行业
1427,600468,百利电气,电器行业
1429,600560,金自天正,电器行业
1430,600577,精达股份,电器行业
1431,600847,万里股份,电器行业
1432,600885,宏发股份,电器行业
1433,601311,骆驼股份,电器行业
1434,601616,广电电气,电器行业
1436,603606,东方电缆,电器行业
1438,603988,中电电机,电器行业
1440,000922,佳电股份,电器行业
1442,002176,江特电机,电器行业
1443,002249,大洋电机,电器行业
1444,002266,浙富控股,电器行业
1445,002298,中电鑫龙,电器行业
1446,002309,中利科技,电器行业
1447,002322,理工监测,电器行业
1448,002334,英威腾,电器行业
1449,002335,科华恒盛,电器行业
1451,002364,中恒电气,电器行业
1452,002380,科远股份,电器行业
1453,002452,长高集团,电器行业
1454,002546,新联电子,电器行业
1455,002576,通达动力,电器行业
1459,002647,宏磊股份,电器行业
1460,002664,信质电机,电器行业
1461,002665,首航节能,电器行业
1462,002670,华声股份,电器行业
1463,002684,猛狮科技,电器行业
1465,002730,电光科技,电器行业
1466,002733,雄韬股份,电器行业
1467,300068,南都电源,电器行业
1469,300217,东方电热,电器行业
1470,300222,科大智能,电器行业
1471,300252,金信诺,电器行业
1472,300265,通光线缆,电器行业
1473,300274,阳光电源,电器行业
1474,300283,温州宏丰,电器行业
1475,300356,光一科技,电器行业
1476,300376,易事特,电器行业
1477,300403,地尔汉宇,电器行业
1478,300407,凯发电气,电器行业
1485,600551,时代出版,传媒娱乐
1487,600637,东方明珠,传媒娱乐
1488,600757,长江传媒,传媒娱乐
1489,600825,新华传媒,传媒娱乐
1490,600831,广电网络,传媒娱乐
1492,601098,中南传媒,传媒娱乐
1493,601801,皖新传媒,传媒娱乐
1494,601928,凤凰传媒,传媒娱乐
1495,601929,吉视传媒,传媒娱乐
1497,000156,华数传媒,传媒娱乐
1498,000504,南华生物,传媒娱乐
1499,000607,华媒控股,传媒娱乐
1500,000665,湖北广电,传媒娱乐
1503,000835,长城动漫,传媒娱乐
1505,002071,长城影视,传媒娱乐
1507,002181,粤 传 媒,传媒娱乐
1508,002238,天威视讯,传媒娱乐
1509,002292,奥飞娱乐,传媒娱乐
1510,002624,完美环球,传媒娱乐
1511,002712,思美传媒,传媒娱乐
1515,300148,天舟文化,传媒娱乐
1517,300291,华录百纳,传媒娱乐
1518,300336,新文化,传媒娱乐
1524,600135,乐凯胶片,化工行业
1525,600141,兴发集团,化工行业
1526,600155,宝硕股份,化工行业
1527,600160,巨化股份,化工行业
1528,600228,昌九生化,化工行业
1529,600229,城市传媒,化工行业
1530,600249,两面针,化工行业
1531,600273,嘉化能源,化工行业
1532,600277,亿利洁能,化工行业
1533,600281,太化股份,化工行业
1534,600299,安迪苏,化工行业
1535,600301,*ST南化,化工行业
1536,600309,万华化学,化工行业
1537,600315,上海家化,化工行业
1540,600339,天利高新,化工行业
1541,600352,浙江龙盛,化工行业
1542,600367,红星发展,化工行业
1543,600378,天科股份,化工行业
1544,600409,三友化工,化工行业
1545,600481,双良节能,化工行业
1547,600599,熊猫金控,化工行业
1548,600618,氯碱化工,化工行业
1549,600636,三爱富,化工行业
1550,600722,金牛化工,化工行业
1551,600746,江苏索普,化工行业
1552,600844,丹化科技,化工行业
1553,600985,雷鸣科化,化工行业
1554,601118,海南橡胶,化工行业
1556,601216,君正集团,化工行业
1557,601678,滨化股份,化工行业
1559,603010,万盛股份,化工行业
1560,603077,和邦生物,化工行业
1561,603188,亚邦股份,化工行业
1562,000510,*ST金路,化工行业
1563,000523,广州浪奇,化工行业
1565,000565,渝三峡Ａ,化工行业
1566,000627,天茂集团,化工行业
1568,000662,索芙特,化工行业
1569,000683,远兴能源,化工行业
1570,000698,沈阳化工,化工行业
1571,000707,双环科技,化工行业
1572,000737,南风化工,化工行业
1573,000755,山西三维,化工行业
1575,000822,山东海化,化工行业
1576,000887,中鼎股份,化工行业
1577,000985,大庆华科,化工行业
1578,000990,诚志股份,化工行业
1579,002010,传化股份,化工行业
1581,002037,久联发展,化工行业
1582,002053,云南盐化,化工行业
1583,002054,德美化工,化工行业
1585,002068,黑猫股份,化工行业
1587,002094,青岛金王,化工行业
1588,002096,南岭民爆,化工行业
1589,002109,*ST兴化,化工行业
1590,002125,湘潭电化,化工行业
1591,002136,安 纳 达,化工行业
1592,002145,中核钛白,化工行业
1593,002165,红 宝 丽,化工行业
1595,002201,九鼎新材,化工行业
1596,002211,宏达新材,化工行业
1597,002217,合力泰,化工行业
1598,002224,三 力 士,化工行业
1599,002226,江南化工,化工行业
1601,002250,联化科技,化工行业
1603,002319,乐通股份,化工行业
1604,002326,永太科技,化工行业
1605,002341,新纶科技,化工行业
1610,002386,天原集团,化工行业
1611,002395,双象股份,化工行业
1615,002411,必康股份,化工行业
1616,002440,闰土股份,化工行业
1617,002442,龙星化工,化工行业
1618,002450,康得新,化工行业
1621,002466,天齐锂业,化工行业
1622,002476,宝莫股份,化工行业
1623,002497,雅化集团,化工行业
1624,002562,兄弟科技,化工行业
1625,002581,未名医药,化工行业
1626,002584,西陇科学,化工行业
1627,002597,金禾实业,化工行业
1628,002601,佰利联,化工行业
1629,002632,道明光学,化工行业
1631,002643,万润股份,化工行业
1632,002648,卫星石化,化工行业
1633,002666,德联集团,化工行业
1634,002669,康达新材,化工行业
1640,300031,宝通科技,化工行业
1642,300041,回天新材,化工行业
1643,300054,鼎龙股份,化工行业
1644,300063,天龙集团,化工行业
1645,300067,安诺其,化工行业
1647,300082,奥克股份,化工行业
1649,300108,双龙股份,化工行业
1650,300109,新开源,化工行业
1653,300135,宝利国际,化工行业
1655,300192,科斯伍德,化工行业
1657,300214,日科化学,化工行业
1658,300225,金力泰,化工行业
1659,300236,上海新阳,化工行业
1660,300237,美晨科技,化工行业
1661,300243,瑞丰高材,化工行业
1662,300285,国瓷材料,化工行业
1664,300343,联创股份,化工行业
1666,300398,飞凯材料,化工行业
1667,300405,科隆精化,化工行业
1671,600048,保利地产,房地产
1672,600052,浙江广厦,房地产
1673,600053,九鼎投资,房地产
1674,600067,冠城大通,房地产
1677,600094,大名城,房地产
1678,600095,哈高科,房地产
1679,600113,浙江东日,房地产
1680,600133,东湖高新,房地产
1681,600159,大龙地产,房地产
1682,600162,香江控股,房地产
1683,600173,卧龙地产,房地产
1684,600175,美都能源,房地产
1685,600185,格力地产,房地产
1687,600223,鲁商置业,房地产
1689,600239,云南城投,房地产
1690,600240,华业资本,房地产
1691,600246,万通地产,房地产
1692,600266,北京城建,房地产
1695,600340,华夏幸福,房地产
1697,600383,金地集团,房地产
1698,600393,东华实业,房地产
1700,600503,华丽家族,房地产
1701,600510,黑牡丹,房地产
1702,600533,栖霞建设,房地产
1704,600568,中珠控股,房地产
1707,600621,华鑫股份,房地产
1709,600641,万业企业,房地产
1710,600657,信达地产,房地产
1711,600663,陆家嘴,房地产
1712,600665,天地源,房地产
1716,600696,匹凸匹,房地产
1717,600716,凤凰股份,房地产
1718,600724,宁波富达,房地产
1719,600732,*ST新梅,房地产
1721,600743,华远地产,房地产
1722,600745,中茵股份,房地产
1723,600748,上实发展,房地产
1724,600767,运盛医疗,房地产
1725,600773,西藏城投,房地产
1726,600791,京能置业,房地产
1727,600807,天业股份,房地产
1728,600823,世茂股份,房地产
1729,600862,南通科技,房地产
1730,600890,中房股份,房地产
1731,601588,北辰实业,房地产
1732,000002,万  科Ａ,房地产
1733,000005,世纪星源,房地产
1734,000006,深振业Ａ,房地产
1735,000009,中国宝安,房地产
1736,000011,深物业A,房地产
1737,000014,沙河股份,房地产
1738,000029,深深房Ａ,房地产
1739,000031,中粮地产,房地产
1740,000036,华联控股,房地产
1743,000042,中洲控股,房地产
1744,000043,中航地产,房地产
1745,000046,泛海控股,房地产
1746,000056,皇庭国际,房地产
1747,000402,金 融 街,房地产
1748,000502,绿景控股,房地产
1749,000505,珠江控股,房地产
1750,000506,中润资源,房地产
1751,000514,渝 开 发,房地产
1753,000526,银润投资,房地产
1754,000534,万泽股份,房地产
1755,000537,广宇发展,房地产
1756,000540,中天城投,房地产
1757,000558,莱茵体育,房地产
1758,000567,海德股份,房地产
1760,000608,阳光股份,房地产
1761,000609,绵世股份,房地产
1762,000616,海航投资,房地产
1763,000620,新华联,房地产
1764,000631,顺发恒业,房地产
1766,000667,美好集团,房地产
1767,000668,荣丰控股,房地产
1768,000671,阳 光 城,房地产
1769,000691,亚太实业,房地产
1770,000718,苏宁环球,房地产
1772,000736,中房地产,房地产
1773,000797,中国武夷,房地产
1774,000809,铁岭新城,房地产
1776,000861,海印股份,房地产
1778,000897,津滨发展,房地产
1782,000965,天保基建,房地产
1783,000979,中弘股份,房地产
1787,002133,广宇集团,房地产
1788,002146,荣盛发展,房地产
1789,002208,合肥城建,房地产
1790,002244,滨江集团,房地产
1791,002285,世联行,房地产
1792,002305,南国置业,房地产
1793,600000,浦发银行,金融行业
1794,600015,华夏银行,金融行业
1795,600016,民生银行,金融行业
1796,600030,中信证券,金融行业
1797,600036,招商银行,金融行业
1798,600109,国金证券,金融行业
1799,600291,西水股份,金融行业
1800,600369,西南证券,金融行业
1801,600643,爱建集团,金融行业
1804,600830,香溢融通,金融行业
1805,600837,海通证券,金融行业
1807,600999,招商证券,金融行业
1808,601009,南京银行,金融行业
1809,601099,XD太平洋,金融行业
1810,601166,兴业银行,金融行业
1813,601288,农业银行,金融行业
1814,601318,中国平安,金融行业
1815,601328,交通银行,金融行业
1816,601336,新华保险,金融行业
1817,601377,兴业证券,金融行业
1819,601555,东吴证券,金融行业
1820,601601,中国太保,金融行业
1822,601688,华泰证券,金融行业
1823,601788,光大证券,金融行业
1824,601818,光大银行,金融行业
1825,601901,方正证券,金融行业
1826,601939,建设银行,金融行业
1828,601998,中信银行,金融行业
1829,000001,平安银行,金融行业
1831,000415,渤海金控,金融行业
1834,000712,锦龙股份,金融行业
1835,000728,国元证券,金融行业
1836,000750,国海证券,金融行业
1841,002673,西部证券,金融行业
1842,002736,国信证券,金融行业
1844,000795,英洛华,其它行业
1846,002297,博云新材,其它行业
1903,300073,当升科技,其它行业
1904,300179,四方达,其它行业
1922,600007,中国国贸,开发区
1924,600215,长春经开,开发区
1926,600639,浦东金桥,开发区
1931,000628,高新发展,开发区
1932,600050,中国联通,电子信息
1933,600074,保千里,电子信息
1934,600076,康欣新材,电子信息
1936,600105,永鼎股份,电子信息
1937,600130,波导股份,电子信息
1939,600271,航天信息,电子信息
1940,600288,大恒科技,电子信息
1942,600330,天通股份,电子信息
1943,600345,长江通信,电子信息
1944,600406,国电南瑞,电子信息
1945,600410,华胜天成,电子信息
1947,600455,博通股份,电子信息
1948,600476,湘邮科技,电子信息
1949,600485,信威集团,电子信息
1950,600487,亨通光电,电子信息
1951,600498,烽火通信,电子信息
1952,600522,中天科技,电子信息
1953,600536,中国软件,电子信息
1955,600562,国睿科技,电子信息
1956,600570,恒生电子,电子信息
1958,600588,用友网络,电子信息
1959,600601,方正科技,电子信息
1960,600608,*ST沪科,电子信息
1961,600654,中安消,电子信息
1962,600677,航天通信,电子信息
1963,600680,上海普天,电子信息
1965,600728,佳都科技,电子信息
1967,600756,浪潮软件,电子信息
1968,600764,中电广通,电子信息
1969,600775,南京熊猫,电子信息
1970,600776,东方通信,电子信息
1971,600797,浙大网新,电子信息
1972,600804,鹏博士,电子信息
1973,600845,宝信软件,电子信息
1974,600850,华东电脑,电子信息
1975,600990,四创电子,电子信息
1976,601519,大智慧,电子信息
1977,603000,人民网,电子信息
1980,603636,南威软件,电子信息
1982,000032,深桑达Ａ,电子信息
1983,000035,中国天楹,电子信息
1985,000066,长城电脑,电子信息
1987,000503,海虹控股,电子信息
1988,000532,力合股份,电子信息
1989,000547,航天发展,电子信息
1990,000555,神州信息,电子信息
1991,000561,烽火电子,电子信息
1992,000586,汇源通信,电子信息
1993,000681,视觉中国,电子信息
1994,000711,京蓝科技,电子信息
1996,000801,四川九洲,电子信息
1997,000836,鑫茂科技,电子信息
2000,000938,紫光股份,电子信息
2001,000948,南天信息,电子信息
2002,000970,中科三环,电子信息
2003,000977,浪潮信息,电子信息
2004,000997,新 大 陆,电子信息
2005,002017,东信和平,电子信息
2006,002027,七喜控股,电子信息
2007,002052,同洲电子,电子信息
2008,002063,远光软件,电子信息
2009,002065,东华软件,电子信息
2010,002073,软控股份,电子信息
2011,002089,新 海 宜,电子信息
2012,002090,金智科技,电子信息
2013,002093,国脉科技,电子信息
2014,002095,生 意 宝,电子信息
2015,002115,三维通信,电子信息
2016,002148,北纬通信,电子信息
2018,002152,广电运通,电子信息
2019,002153,石基信息,电子信息
2020,002161,远 望 谷,电子信息
2021,002174,游族网络,电子信息
2022,002177,御银股份,电子信息
2023,002180,艾派克,电子信息
2025,002194,武汉凡谷,电子信息
2026,002195,二三四五,电子信息
2027,002230,科大讯飞,电子信息
2028,002231,奥维通信,电子信息
2029,002232,启明信息,电子信息
2030,002253,川大智胜,电子信息
2031,002261,拓维信息,电子信息
2032,002268,卫 士 通,电子信息
2033,002279,久其软件,电子信息
2034,002280,联络互动,电子信息
2035,002281,光迅科技,电子信息
2037,002308,威创股份,电子信息
2038,002312,三泰控股,电子信息
2039,002313,日海通讯,电子信息
2040,002315,焦点科技,电子信息
2041,002316,键桥通讯,电子信息
2042,002331,皖通科技,电子信息
2047,002369,卓翼科技,电子信息
2048,002373,千方科技,电子信息
2049,002376,新北洋,电子信息
2052,002396,星网锐捷,电子信息
2053,002401,中海科技,电子信息
2054,002405,四维图新,电子信息
2055,002410,广联达,电子信息
2056,002417,三元达,电子信息
2060,002465,海格通信,电子信息
2061,002467,二六三,电子信息
2062,002474,榕基软件,电子信息
2063,002491,通鼎互联,电子信息
2066,002544,杰赛科技,电子信息
2067,002547,春兴精工,电子信息
2069,002583,海能达,电子信息
2070,002609,捷顺科技,电子信息
2071,002635,安洁科技,电子信息
2072,002642,荣之联,电子信息
2073,002649,博彦科技,电子信息
2075,300002,神州泰岳,电子信息
2076,300010,立思辰,电子信息
2078,300020,银江股份,电子信息
2079,300025,华星创业,电子信息
2080,300028,金亚科技,电子信息
2084,300042,朗科科技,电子信息
2085,300044,赛为智能,电子信息
2086,300045,华力创通,电子信息
2087,300047,天源迪科,电子信息
2089,300051,三五互联,电子信息
2090,300052,中青宝,电子信息
2091,300059,东方财富,电子信息
2092,300065,海兰信,电子信息
2093,300074,华平股份,电子信息
2095,300076,GQY视讯,电子信息
2096,300079,数码视讯,电子信息
2097,300081,恒信移动,电子信息
2098,300085,银之杰,电子信息
2099,300096,易联众,电子信息
2100,300098,高新兴,电子信息
2101,300101,振芯科技,电子信息
2103,300113,顺网科技,电子信息
2106,300136,信维通信,电子信息
2107,300150,世纪瑞尔,电子信息
2108,300166,东方国信,电子信息
2109,300167,迪威视讯,电子信息
2110,300168,万达信息,电子信息
2111,300170,汉得信息,电子信息
2112,300177,中海达,电子信息
2114,300183,东软载波,电子信息
2115,300188,美亚柏科,电子信息
2116,300209,天泽信息,电子信息
2117,300211,亿通科技,电子信息
2119,300213,佳讯飞鸿,电子信息
2120,300226,上海钢联,电子信息
2121,300229,拓尔思,电子信息
2122,300231,银信科技,电子信息
2123,300235,方直科技,电子信息
2124,300245,天玑科技,电子信息
2126,300250,初灵信息,电子信息
2128,300264,佳创视讯,电子信息
2129,300270,中威电子,电子信息
2130,300271,华宇软件,电子信息
2131,300275,梅安森,电子信息
2133,300282,汇冠股份,电子信息
2134,300287,飞利信,电子信息
2135,300288,朗玛信息,电子信息
2136,300290,荣科科技,电子信息
2137,300292,吴通控股,电子信息
2140,300299,富春通信,电子信息
2141,300300,汉鼎股份,电子信息
2142,300302,同有科技,电子信息
2144,300311,任子行,电子信息
2145,300312,邦讯技术,电子信息
2146,300315,掌趣科技,电子信息
2147,300322,硕贝德,电子信息
2148,300324,旋极信息,电子信息
2149,300330,华虹计通,电子信息
2150,300333,兆日科技,电子信息
2151,300339,润和软件,电子信息
2153,300352,北信源,电子信息
2154,300353,东土科技,电子信息
2156,300365,恒华科技,电子信息
2158,300367,东方网力,电子信息
2159,300369,绿盟科技,电子信息
2160,300377,赢时胜,电子信息
2162,300379,东方通,电子信息
2163,300380,安硕信息,电子信息
2166,300390,天华超净,电子信息
2167,300392,腾信股份,电子信息
2169,300397,天和防务,电子信息
2177,600086,东方金钰,服装鞋类
2178,600107,美尔雅,服装鞋类
2179,600137,浪莎股份,服装鞋类
2180,600177,雅戈尔,服装鞋类
2181,600233,大杨创世,服装鞋类
2182,600272,开开实业,服装鞋类
2183,600295,鄂尔多斯,服装鞋类
2184,600398,海澜之家,服装鞋类
2185,600400,红豆股份,服装鞋类
2186,600439,瑞贝卡,服装鞋类
2187,600612,老凤祥,服装鞋类
2188,600884,杉杉股份,服装鞋类
2189,601566,九牧王,服装鞋类
2190,601718,际华集团,服装鞋类
2191,603001,奥康国际,服装鞋类
2192,603518,维格娜丝,服装鞋类
2193,603555,贵人鸟,服装鞋类
2195,002003,伟星股份,服装鞋类
2196,002029,七 匹 狼,服装鞋类
2198,002044,美年健康,服装鞋类
2199,002098,浔兴股份,服装鞋类
2200,002154,报 喜 鸟,服装鞋类
2202,002269,美邦服饰,服装鞋类
2203,002291,星期六,服装鞋类
2204,002293,罗莱生活,服装鞋类
2205,002327,富安娜,服装鞋类
2206,002345,潮宏基,服装鞋类
2210,002486,嘉麟杰,服装鞋类
2211,002494,华斯股份,服装鞋类
2212,002503,搜于特,服装鞋类
2213,002517,恺英网络,服装鞋类
2215,002569,步森股份,服装鞋类
2216,002574,明牌珠宝,服装鞋类
2217,002612,朗姿股份,服装鞋类
2218,002634,棒杰股份,服装鞋类
2222,002687,乔治白,服装鞋类
2223,002731,萃华珠宝,服装鞋类
2226,600083,博信股份,电子器件
2227,600151,航天机电,电子器件
2228,600171,上海贝岭,电子器件
2230,600203,福日电子,电子器件
2232,600207,安彩高科,电子器件
2233,600237,铜峰电子,电子器件
2234,600353,旭光股份,电子器件
2235,600355,精伦电子,电子器件
2236,600360,华微电子,电子器件
2238,600401,*ST海润,电子器件
2239,600460,士兰微,电子器件
2240,600478,科力远,电子器件
2241,600537,亿晶光电,电子器件
2242,600563,法拉电子,电子器件
2243,600584,长电科技,电子器件
2244,600602,仪电电子,电子器件
2245,600667,太极实业,电子器件
2247,600707,彩虹股份,电子器件
2249,600817,ST宏盛,电子器件
2250,600980,北矿磁材,电子器件
2251,601012,隆基股份,电子器件
2253,601908,京运通,电子器件
2256,603328,依顿电子,电子器件
2258,000020,深华发Ａ,电子器件
2259,000050,深天马Ａ,电子器件
2261,000068,华控赛格,电子器件
2262,000413,东旭光电,电子器件
2263,000536,华映科技,电子器件
2264,000636,风华高科,电子器件
2265,000670,盈方微,电子器件
2266,000725,京东方Ａ,电子器件
2268,000733,振华科技,电子器件
2269,000810,创维数字,电子器件
2270,000823,超声电子,电子器件
2271,002025,航天电器,电子器件
2272,002045,国光电器,电子器件
2273,002049,同方国芯,电子器件
2275,002056,横店东磁,电子器件
2276,002057,中钢天源,电子器件
2277,002079,苏州固锝,电子器件
2278,002104,恒宝股份,电子器件
2279,002106,莱宝高科,电子器件
2280,002119,康强电子,电子器件
2281,002129,中环股份,电子器件
2282,002134,天津普林,电子器件
2283,002137,麦达数字,电子器件
2284,002138,顺络电子,电子器件
2285,002139,拓邦股份,电子器件
2286,002141,蓉胜超微,电子器件
2287,002156,通富微电,电子器件
2288,002179,中航光电,电子器件
2289,002185,华天科技,电子器件
2291,002189,利达光电,电子器件
2292,002199,东晶电子,电子器件
2293,002218,拓日新能,电子器件
2294,002222,福晶科技,电子器件
2296,002273,水晶光电,电子器件
2299,002371,七星电子,电子器件
2300,002388,新亚制程,电子器件
2303,002426,胜利精密,电子器件
2304,002436,兴森科技,电子器件
2305,002449,国星光电,电子器件
2306,002456,欧菲光,电子器件
2307,002463,沪电股份,电子器件
2308,002475,立讯精密,电子器件
2309,002484,江海股份,电子器件
2310,002504,弘高创意,电子器件
2312,002512,达华智能,电子器件
2313,002579,中京电子,电子器件
2314,002587,奥拓电子,电子器件
2315,002600,江粉磁材,电子器件
2316,002618,丹邦科技,电子器件
2317,002636,金安国纪,电子器件
2318,002638,勤上光电,电子器件
2319,002654,万润科技,电子器件
2320,002655,共达电声,电子器件
2321,002724,海洋王,电子器件
2324,300014,亿纬锂能,电子器件
2325,300029,天龙光电,电子器件
2326,300032,金龙机电,电子器件
2327,300046,台基股份,电子器件
2328,300053,欧比特,电子器件
2329,300077,国民技术,电子器件
2332,300088,长信科技,电子器件
2333,300102,乾照光电,电子器件
2334,300111,向日葵,电子器件
2336,300115,长盈精密,电子器件
2337,300118,东方日升,电子器件
2339,300128,锦富新材,电子器件
2342,300154,瑞凌股份,电子器件
2343,300155,安居宝,电子器件
2344,300162,雷曼股份,电子器件
2345,300184,力源信息,电子器件
2347,300207,欣旺达,电子器件
2348,300215,电科院,电子器件
2350,300220,金运激光,电子器件
2352,300224,正海磁材,电子器件
2353,300227,光韵达,电子器件
2354,300232,洲明科技,电子器件
2355,300241,瑞丰光电,电子器件
2358,300269,联建光电,电子器件
2359,300279,和晶科技,电子器件
2360,300296,利亚德,电子器件
2361,300301,长方集团,电子器件
2362,300303,聚飞光电,电子器件
2363,300317,珈伟股份,电子器件
2364,300319,麦捷科技,电子器件
2365,300323,华灿光电,电子器件
2366,300327,中颖电子,电子器件
2368,300340,科恒股份,电子器件
2369,300342,天银机电,电子器件
2370,300346,南大光电,电子器件
2372,300373,扬杰科技,电子器件
2377,600011,华能国际,电力行业
2379,600023,浙能电力,电力行业
2380,600027,华电国际,电力行业
2381,600098,广州发展,电力行业
2382,600101,明星电力,电力行业
2383,600110,诺德股份,电力行业
2384,600116,三峡水利,电力行业
2386,600236,桂冠电力,电力行业
2387,600310,桂东电力,电力行业
2388,600396,金山股份,电力行业
2390,600483,福能股份,电力行业
2392,600509,天富能源,电力行业
2393,600578,京能电力,电力行业
2396,600674,川投能源,电力行业
2397,600726,华电能源,电力行业
2398,600744,华银电力,电力行业
2399,600769,祥龙电业,电力行业
2400,600780,通宝能源,电力行业
2401,600795,国电电力,电力行业
2404,600868,梅雁吉祥,电力行业
2405,600869,智慧能源,电力行业
2407,600900,长江电力,电力行业
2408,600969,郴电国际,电力行业
2409,600979,广安爱众,电力行业
2410,600995,文山电力,电力行业
2411,601016,节能风电,电力行业
2413,000027,深圳能源,电力行业
2414,000037,*ST南电A,电力行业
2415,000531,穗恒运Ａ,电力行业
2416,000539,粤电力Ａ,电力行业
2417,000543,皖能电力,电力行业
2418,000600,建投能源,电力行业
2419,000601,韶能股份,电力行业
2420,000690,宝新能源,电力行业
2421,000720,新能泰山,电力行业
2422,000722,湖南发展,电力行业
2424,000791,甘肃电投,电力行业
2425,000862,银星能源,电力行业
2426,000875,吉电股份,电力行业
2427,000883,湖北能源,电力行业
2428,000899,赣能股份,电力行业
2429,000939,凯迪生态,电力行业
2430,000958,东方能源,电力行业
2431,000966,长源电力,电力行业
2432,000993,闽东电力,电力行业
2436,002692,远程电缆,电力行业
2438,600006,东风汽车,汽车制造
2439,600066,宇通客车,汽车制造
2440,600081,东风科技,汽车制造
2441,600093,禾嘉股份,汽车制造
2445,600178,东安动力,汽车制造
2447,600213,亚星客车,汽车制造
2448,600303,曙光股份,汽车制造
2449,600335,国机汽车,汽车制造
2450,600375,*ST星马,汽车制造
2452,600469,风神股份,汽车制造
2453,600480,凌云股份,汽车制造
2456,600609,金杯汽车,汽车制造
2457,600623,双钱股份,汽车制造
2459,600660,福耀玻璃,汽车制造
2462,600698,湖南天雁,汽车制造
2463,600699,均胜电子,汽车制造
2464,600715,文投控股,汽车制造
2465,600741,华域汽车,汽车制造
2466,600742,一汽富维,汽车制造
2467,600760,中航黑豹,汽车制造
2468,600960,渤海活塞,汽车制造
2469,601058,赛轮金宇,汽车制造
2470,601238,广汽集团,汽车制造
2471,601258,庞大集团,汽车制造
2472,601633,长城汽车,汽车制造
2474,601799,星宇股份,汽车制造
2475,601965,中国汽研,汽车制造
2480,603306,华懋科技,汽车制造
2483,000025,特  力Ａ,汽车制造
2486,000550,江铃汽车,汽车制造
2488,000572,海马汽车,汽车制造
2489,000581,威孚高科,汽车制造
2491,000599,青岛双星,汽车制造
2492,000622,恒立实业,汽车制造
2494,000700,模塑科技,汽车制造
2495,000710,天兴仪表,汽车制造
2496,000753,漳州发展,汽车制造
2498,000760,斯太尔,汽车制造
2499,000800,一汽轿车,汽车制造
2500,000868,安凯客车,汽车制造
2501,000927,*ST夏利,汽车制造
2502,000951,中国重汽,汽车制造
2503,000957,中通客车,汽车制造
2504,002013,中航机电,汽车制造
2505,002031,巨轮智能,汽车制造
2506,002048,宁波华翔,汽车制造
2507,002085,万丰奥威,汽车制造
2508,002126,银轮股份,汽车制造
2509,002190,成飞集成,汽车制造
2510,002213,特 尔 佳,汽车制造
2511,002265,西仪股份,汽车制造
2512,002283,天润曲轴,汽车制造
2513,002284,亚太股份,汽车制造
2515,002363,隆基机械,汽车制造
2516,002406,远东传动,汽车制造
2517,002434,万里扬,汽车制造
2518,002454,松芝股份,汽车制造
2519,002488,金固股份,汽车制造
2520,002510,天汽模,汽车制造
2521,002536,西泵股份,汽车制造
2524,002593,日上集团,汽车制造
2525,002594,比亚迪,汽车制造
2526,002602,世纪华通,汽车制造
2528,002625,龙生股份,汽车制造
2530,002703,浙江世宝,汽车制造
2531,002708,光洋股份,汽车制造
2533,002725,跃岭股份,汽车制造
2534,300100,双林股份,汽车制造
2535,300176,鸿特精密,汽车制造
2536,300258,精锻科技,汽车制造
2537,300304,云意电气,汽车制造
2538,300375,鹏翎股份,汽车制造
2540,600337,美克家居,家具行业
2541,600978,宜华木业,家具行业
2542,603008,喜临门,家具行业
2547,002084,海鸥卫浴,家具行业
2548,002120,新海股份,家具行业
2549,002240,威华股份,家具行业
2550,002259,升达林业,家具行业
2551,002489,浙江永强,家具行业
2552,002572,索菲亚,家具行业
2553,002631,德尔未来,家具行业
2554,002718,友邦吊顶,家具行业
2556,600096,云天化,农药化肥
2557,600226,升华拜克,农药化肥
2558,600227,赤天化,农药化肥
2559,600230,*ST沧大,农药化肥
2560,600389,江山股份,农药化肥
2561,600423,柳化股份,农药化肥
2562,600426,华鲁恒升,农药化肥
2563,600470,六国化工,农药化肥
2565,600538,国发股份,农药化肥
2566,600596,新安股份,农药化肥
2567,600691,*ST阳化,农药化肥
2568,600727,鲁北化工,农药化肥
2569,600731,湖南海利,农药化肥
2571,600803,新奥股份,农药化肥
2573,000155,*ST川化,农药化肥
2576,000553,沙隆达Ａ,农药化肥
2578,000792,盐湖股份,农药化肥
2580,000902,新洋丰,农药化肥
2581,000912,泸天化,农药化肥
2583,000953,河池化工,农药化肥
2587,002170,芭田股份,农药化肥
2588,002215,诺 普 信,农药化肥
2590,002274,华昌化工,农药化肥
2591,002391,长青股份,农药化肥
2592,002470,金正大,农药化肥
2595,002538,司尔特,农药化肥
2597,002588,史丹利,农药化肥
2600,300261,雅本化学,农药化肥
2601,600054,黄山旅游,酒店旅游
2602,600138,中青旅,酒店旅游
2603,600258,首旅酒店,酒店旅游
2604,600358,国旅联合,酒店旅游
2605,600555,海航创新,酒店旅游
2606,600593,大连圣亚,酒店旅游
2607,600640,号百控股,酒店旅游
2608,600706,曲江文旅,酒店旅游
2609,600749,西藏旅游,酒店旅游
2610,600754,锦江股份,酒店旅游
2611,601007,金陵饭店,酒店旅游
2612,601888,中国国旅,酒店旅游
2613,603099,长白山,酒店旅游
2616,000007,全新好,酒店旅游
2617,000069,华侨城Ａ,酒店旅游
2618,000428,华天酒店,酒店旅游
2619,000430,张家界,酒店旅游
2620,000524,岭南控股,酒店旅游
2621,000610,西安旅游,酒店旅游
2624,000802,北京文化,酒店旅游
2625,000888,峨眉山Ａ,酒店旅游
2626,000978,桂林旅游,酒店旅游
2627,002033,丽江旅游,酒店旅游
2628,002059,云南旅游,酒店旅游
2629,002159,三特索道,酒店旅游
2630,002186,全 聚 德,酒店旅游
2631,002306,*ST云网,酒店旅游
2632,002558,世纪游轮,酒店旅游
2633,002707,众信旅游,酒店旅游
2634,300144,宋城演艺,酒店旅游
2635,300178,腾邦国际,酒店旅游
2637,600318,新力金融,水泥行业
2638,600425,青松建化,水泥行业
2639,600449,宁夏建材,水泥行业
2640,600539,*ST狮头,水泥行业
2641,600585,海螺水泥,水泥行业
2642,600668,尖峰集团,水泥行业
2643,600678,四川金顶,水泥行业
2644,600720,祁连山,水泥行业
2645,600801,华新水泥,水泥行业
2646,600802,福建水泥,水泥行业
2647,600881,亚泰集团,水泥行业
2648,600883,博闻科技,水泥行业
2649,601992,金隅股份,水泥行业
2650,000401,冀东水泥,水泥行业
2651,000546,金圆股份,水泥行业
2652,000672,上峰水泥,水泥行业
2653,000789,万年青,水泥行业
2654,000877,天山股份,水泥行业
2655,000885,同力水泥,水泥行业
2656,000935,四川双马,水泥行业
2657,002233,塔牌集团,水泥行业
2658,002302,西部建设,水泥行业
2659,002346,柘中股份,水泥行业
2660,002619,巨龙管业,水泥行业
2661,600058,五矿发展,物资外贸
2662,600120,浙江东方,物资外贸
2663,600128,弘业股份,物资外贸
2664,600153,建发股份,物资外贸
2665,600241,时代万恒,物资外贸
2666,600247,*ST成城,物资外贸
2667,600250,南纺股份,物资外贸
2668,600278,东方创业,物资外贸
2669,600287,江苏舜天,物资外贸
2670,600382,广东明珠,物资外贸
2671,600500,中化国际,物资外贸
2673,600704,物产中大,物资外贸
2674,600739,辽宁成大,物资外贸
2675,600755,厦门国贸,物资外贸
2676,600822,上海物贸,物资外贸
2678,600981,汇鸿集团,物资外贸
2679,000151,中成股份,物资外贸
2681,002091,江苏国泰,物资外贸
2682,600099,林海股份,摩托车
2683,600877,中国嘉陵,摩托车
2685,603766,隆鑫通用,摩托车
2688,600210,紫江企业,印刷包装
2689,600836,界龙实业,印刷包装
2691,601515,东风股份,印刷包装
2695,000812,陕西金叶,印刷包装
2696,002117,东港股份,印刷包装
2697,002191,劲嘉股份,印刷包装
2698,002228,合兴包装,印刷包装
2701,002400,省广股份,印刷包装
2702,002599,盛通股份,印刷包装
2707,300071,华谊嘉信,印刷包装
2711,600690,青岛海尔,家电行业
2712,600839,四川长虹,家电行业
2714,600870,厦华电子,家电行业
2715,600983,惠而浦,家电行业
2716,603366,日出东方,家电行业
2718,000016,深康佳Ａ,家电行业
2719,000100,TCL 集团,家电行业
2721,000418,小天鹅Ａ,家电行业
2722,000521,美菱电器,家电行业
2723,000533,万 家 乐,家电行业
2724,000541,佛山照明,家电行业
2725,000651,格力电器,家电行业
2726,000921,海信科龙,家电行业
2728,002032,苏 泊 尔,家电行业
2729,002035,华帝股份,家电行业
2730,002076,雪 莱 特,家电行业
2731,002242,九阳股份,家电行业
2732,002260,德奥通航,家电行业
2733,002290,禾盛新材,家电行业
2734,002403,爱仕达,家电行业
2735,002429,兆驰股份,家电行业
2737,002508,老板电器,家电行业
2738,002543,万和电气,家电行业
2739,002668,奥马电器,家电行业
2740,002677,浙江美大,家电行业
2741,002681,奋达科技,家电行业
2742,002705,新宝股份,家电行业
2743,002723,金莱特,家电行业
